,Spectrogram,Local file path_y,Pitch,Pitch ID
0,"[[-5.68295686e+02 -5.03982166e+02 -4.21858945e+02 ... -7.83512295e+02
  -7.89414313e+02 -7.89414313e+02]
 [ 2.06185728e+02  2.51723453e+02  2.58859380e+02 ...  7.61887623e+00
   0.00000000e+00  0.00000000e+00]
 [ 4.41190913e+01  2.78035872e+01 -1.28597777e+01 ...  5.91476745e+00
   0.00000000e+00  0.00000000e+00]
 ...
 [-6.91778876e+00 -6.17702618e+00 -1.71114596e+00 ...  2.05059164e+00
   0.00000000e+00  0.00000000e+00]
 [-8.22847775e+00 -3.33460038e+00  1.13965852e+00 ...  2.03602051e+00
   0.00000000e+00  0.00000000e+00]
 [-9.54121535e+00 -1.05198311e+00 -4.53030995e-02 ...  1.70766931e+00
   0.00000000e+00  0.00000000e+00]]",Brass/Bass_Tuba/ordinario/BTb-ord-F#1-pp-N-N.wav,F#1,30
1,"[[-7.08378901e+02 -6.82259674e+02 -6.79724585e+02 ... -8.14073734e+02
  -8.34101070e+02 -8.62310356e+02]
 [ 2.08849453e+02  2.25009333e+02  2.28122026e+02 ...  1.27959798e+02
   1.11389964e+02  8.40593863e+01]
 [ 5.94730996e+01  5.99634917e+01  6.76202604e+01 ...  7.57153319e+01
   6.77874587e+01  5.21018753e+01]
 ...
 [-3.18899767e+00  1.34887778e+00  1.67439072e+00 ...  4.74917333e+00
   4.06156086e+00  3.32273255e+00]
 [-1.65354658e+00 -1.18802276e+00  1.29623856e+00 ...  2.80552709e+00
   1.41012290e-01  1.49385865e+00]
 [-6.29722772e-01 -4.02968310e+00 -6.82418947e-01 ... -9.80256707e-01
  -3.84559912e+00 -5.61095910e+00]]",Brass/Bass_Tuba/ordinario/BTb-ord-G1-pp-N-R100u.wav,G1,31
